Product Name, Price, Merchant
Designer Handbags &amp; Accessories at Macy's: Up to 40% off + 30% off + free s&amp;h w/beauty item     w/code VIP,Unavailable,Macy's
2 Daiwa Samurai X Spinning Combos for $30 + free shipping    ,3,Dick's Sporting Goods
Reebok Men's Royal Lumina Shoes for $30 + free shipping     w/code SALE25,3,Reebok
Walmart Electronics Rollbacks and Clearance: + free shipping w/ $35    ,Unavailable,Walmart
Hanes Clearance Sale: Up to 75% off + free shipping     w/code SHIPMARFREE,7,Hanes
65-Foot 600-LED RGB Strip Lights with Remote for $15 + free shipping     w/code 007LED,1,MiniInTheBox
Southwest Nationwide Spring Fares Sale from $39 1-way    ,3,DealBase
Clarks Shoes Sale: Extra 30% off + free shipping     w/code STORM,Unavailable,Clarks
Nordstrom Rack Clearance Sale: Extra 25% off + free shipping w/ $100    ,Unavailable,Nordstrom Rack
Outerwear at Dick's Sporting Goods: Extra 50% off + free shipping    ,6,Dick's Sporting Goods
Ugg Men's Freamon Suede Chukka Boots for $37 + $8 s&amp;h    ,3,Nordstrom Rack
Emirates International Flights from $491 roundtrip    ,49,DealBase
Tory Burch Private Sale: Up to 70% off + free shipping    ,7,Tory Burch
HostGator All-Inclusive Hosting Email and Domain Plan - $3 / Month    ,Unavailable,
Polo Ralph Lauren Men's Rib Half-Zip Sweater for $21 + free s&amp;h w/beauty item     w/code VIP,2,Macy's
Rev-A-Shelf 597 Base Cabinet Organizer for $11 + free shipping    ,1,Walmart
Raised Garden Beds at Walmart: Up to 60% off + free shipping w/ $35    ,10,Walmart
LEGO Star Wars Carbon Freezing Chamber for $14 + pickup at Walmart    ,1,Walmart
Jegs Foldable Creeper &amp; Seat Creeper for $27 + free shipping    ,2,eBay
AMD Ryzen 7 8-Core 3.0GHz Desktop CPU for $290 + free shipping    ,29,Rakuten
Timbuk2 Snoop Small Camera Messenger Bag for $60 + free shipping    ,6,Adorama
Refurb Samsung 65" 4K 2160p Curved LED HDTV for $900 + free shipping    ,90,Walmart
Garden Genie Gloves with Claws for $7 + free shipping    ,Unavailable,That Daily Deal
Crocs Men's CitiLane Roka Camo Band Shoes for $25 + free shipping    ,2,eBay
The Little Blue Box of Dr. Seuss Board Books for $8 + pickup at Walmart    ,Unavailable,Walmart
Unlocked LG Google Nexus 5X 32GB Smartphone for $230 + free shipping    ,23,eBay
